{
  "44100": {
    "iir": {
      "num": [
        0.0027293620390779223,
        0.0002239451280681405,
        -0.002162405616471103,
        -0.0007195307151076326,
        -6.105389511747936e-05
      ],
      "den": [
        1.0,
        -3.3926835929532446,
        4.312959033230201,
        -2.4347384558596867,
        0.5149375948434236
      ]
    },
    "fir": [
      -1.4551628959400732e-06,
      2.702277513411794e-06,
      -4.439928099957844e-06,
      6.820514684510775e-06,
      -9.955473357029115e-06,
      1.4091804906478885e-05,
      -1.9333482335756926e-05,
      2.6089817122005123e-05,
      -3.44024904731835e-05,
      4.4962272317411006e-05,
      -5.7637220852896955e-05,
      7.360519637167775e-05,
      -9.235170462105493e-05,
      0.00011588867496242442,
      -0.00014294671416926138,
      0.00017694363068985805,
      -0.00021521532335404522,
      0.0002635055237289126,
      -0.000316684490310919,
      0.00038426673565752656,
      -0.0004568962670841756,
      0.0005500705768457046,
      -0.0006473426243376285,
      0.0007734859644461491,
      -0.0009003120251135441,
      0.0010666076340319038,
      -0.0012248466110982487,
      0.0014343293915657555,
      -0.0016155929416238855,
      0.001856709606631178,
      -0.0020248579395503955,
      0.002245821530825985,
      -0.002295740931300276,
      0.002343640656680074,
      -0.002005437701271725,
      0.0014832806642736042,
      -9.890175554036108e-05,
      -0.0019729459911186848,
      0.00598245546564277,
      -0.011995417854192848,
      0.022469585252167797,
      -0.03841861743600545,
      0.0652389257038574,
      -0.10763345882818515,
      0.18083546321983293,
      -0.31021506695275936,
      0.575921955670147,
      -1.214484288203601,
      2.667145876536701,
      -1.2144842882036009,
      0.5759219556701469,
      -0.31021506695275936,
      0.18083546321983293,
      -0.10763345882818516,
      0.0652389257038574,
      -0.038418617436005435,
      0.02246958525216779,
      -0.011995417854192832,
      0.0059824554656427685,
      -0.0019729459911186926,
      -9.890175554035847e-05,
      0.001483280664273599,
      -0.0020054377012717274,
      0.002343640656680075,
      -0.002295740931300276,
      0.0022458215308259863,
      -0.0020248579395503986,
      0.0018567096066311782,
      -0.001615592941623885,
      0.0014343293915657547,
      -0.0012248466110982485,
      0.0010666076340319088,
      -0.000900312025113544,
      0.0007734859644461518,
      -0.0006473426243376287,
      0.0005500705768457024,
      -0.0004568962670841762,
      0.00038426673565752483,
      -0.0003166844903109195,
      0.0002635055237289143,
      -0.00021521532335404516,
      0.00017694363068985984,
      -0.00014294671416926127,
      0.00011588867496242341,
      -9.235170462105505e-05,
      7.360519637167686e-05,
      -5.763722085289693e-05,
      4.496227231741111e-05,
      -3.440249047318347e-05,
      2.6089817122005286e-05,
      -1.9333482335756933e-05,
      1.4091804906478874e-05,
      -9.955473357029088e-06,
      6.8205146845107275e-06,
      -4.439928099957827e-06,
      2.7022775134118075e-06,
      -1.4551628959400732e-06
    ]
  },
  "48000": {
    "iir": {
      "num": [
        0.002358538548102756,
        -4.9968751755923015e-05,
        -0.0018115432249145816,
        -0.0004595580192945923,
        -2.9933417751626717e-05
      ],
      "den": [
        1.0,
        -3.4383054484580025,
        4.43026631291397,
        -2.5352407519293365,
        0.5436265036551263
      ]
    },
    "fir": [
      -1.1850588292318538e-06,
      2.202601042468783e-06,
      -3.614748938676142e-06,
      5.558538630575554e-06,
      -8.102723339689596e-06,
      1.1482843876762671e-05,
      -1.5730611014059288e-05,
      2.1257083165311253e-05,
      -2.7983623502042415e-05,
      3.663172502144832e-05,
      -4.6873854660104823e-05,
      5.997215845094133e-05,
      -7.510359466992244e-05,
      9.445380803851599e-05,
      -0.00011628376978726735,
      0.0001443239183732326,
      -0.00017522515341809755,
      0.00021524803682469626,
      -0.00025831540863482114,
      0.0003147466977702705,
      -0.00037396742789878233,
      0.0004526768174534536,
      -0.0005330330632955447,
      0.0006415587555320011,
      -0.0007488205200310082,
      0.0008961374116368123,
      -0.0010356901345780513,
      0.001230518007929449,
      -0.0014035497059342254,
      0.0016486345574841762,
      -0.001841532072030295,
      0.002117524970530515,
      -0.0022743301578144366,
      0.0024975833717157453,
      -0.0024506508168871703,
      0.0023660965146206406,
      -0.0016629580289076436,
      0.0005732794456241545,
      0.001961329144260063,
      -0.005895951334667556,
      0.013315118051772424,
      -0.025001641914943265,
      0.04558410850216924,
      -0.07910485041435385,
      0.1386230759470912,
      -0.24597753494208305,
      0.47272681308869036,
      -1.0610501869829383,
      2.4890855681309048,
      -1.0610501869829378,
      0.47272681308869036,
      -0.24597753494208308,
      0.1386230759470912,
      -0.07910485041435386,
      0.04558410850216924,
      -0.02500164191494325,
      0.013315118051772424,
      -0.005895951334667542,
      0.0019613291442600626,
      0.0005732794456241481,
      -0.0016629580289076423,
      0.0023660965146206346,
      -0.0024506508168871738,
      0.002497583371715747,
      -0.0022743301578144366,
      0.002117524970530516,
      -0.001841532072030298,
      0.0016486345574841766,
      -0.0014035497059342245,
      0.001230518007929448,
      -0.0010356901345780513,
      0.0008961374116368165,
      -0.0007488205200310081,
      0.0006415587555320037,
      -0.0005330330632955447,
      0.00045267681745345134,
      -0.00037396742789878255,
      0.00031474669777026905,
      -0.0002583154086348215,
      0.00021524803682469826,
      -0.00017522515341809755,
      0.00014432391837323352,
      -0.00011628376978726735,
      9.445380803851513e-05,
      -7.510359466992257e-05,
      5.997215845094058e-05,
      -4.687385466010481e-05,
      3.663172502144848e-05,
      -2.7983623502042398e-05,
      2.125708316531136e-05,
      -1.57306110140593e-05,
      1.1482843876762666e-05,
      -8.102723339689578e-06,
      5.558538630575516e-06,
      -3.6147489386761336e-06,
      2.2026010424687985e-06,
      -1.1850588292318536e-06
    ]
  }
}