{
  "44100": {
    "iir": {
      "num": [
        0.0027293620390779227,
        0.00022394512806814121,
        -0.0021624056164711025,
        -0.0007195307151076328,
        -6.105389511747932e-05
      ],
      "den": [
        1.0,
        -3.3926835929532446,
        4.312959033230201,
        -2.4347384558596867,
        0.5149375948434236
      ]
    },
    "fir": [
      -1.454083340695811e-06,
      2.7002727496354034e-06,
      -4.436634209165282e-06,
      6.815454685784621e-06,
      -9.948087597330155e-06,
      1.4081350487982315e-05,
      -1.9319139225232996e-05,
      2.6070461626488465e-05,
      -3.437696797730834e-05,
      4.4928915737862066e-05,
      -5.7594460991291856e-05,
      7.355059019940503e-05,
      -9.228319080220353e-05,
      0.00011580269955224531,
      -0.00014284066495966254,
      0.0001768123598712733,
      -0.00021505565955856572,
      0.0002633100344328801,
      -0.00031644954863992045,
      0.0003839816561169626,
      -0.00045655730519703844,
      0.0005496624908659107,
      -0.0006468623742384702,
      0.0007729121312128454,
      -0.0008996441022500071,
      0.0010658163398967412,
      -0.0012239379227401376,
      0.0014332652922669975,
      -0.0016143943666478795,
      0.0018553321521900907,
      -0.00202335573934031,
      0.0022441554022992216,
      -0.0022940377686033056,
      0.002341901958167751,
      -0.002003949908534624,
      0.0014821802490384282,
      -9.882838237435594e-05,
      -0.00197148230330905,
      0.005978017205712278,
      -0.011986518701877304,
      0.022452915531774573,
      -0.03839011545862768,
      0.06519052629469933,
      -0.10755360779206374,
      0.1807013051312345,
      -0.30998492481307216,
      0.5754946910873115,
      -1.2135832874383925,
      2.6651671761953097,
      -1.2135832874383923,
      0.5754946910873114,
      -0.30998492481307216,
      0.18070130513123447,
      -0.10755360779206374,
      0.06519052629469933,
      -0.03839011545862766,
      0.022452915531774566,
      -0.01198651870187729,
      0.0059780172057122775,
      -0.001971482303309056,
      -9.882838237435373e-05,
      0.0014821802490384238,
      -0.0020039499085346274,
      0.002341901958167752,
      -0.0022940377686033048,
      0.002244155402299222,
      -0.002023355739340313,
      0.001855332152190089,
      -0.0016143943666478786,
      0.0014332652922669966,
      -0.0012239379227401374,
      0.001065816339896746,
      -0.0008996441022500068,
      0.0007729121312128496,
      -0.0006468623742384704,
      0.0005496624908659071,
      -0.0004565573051970389,
      0.00038398165611695984,
      -0.0003164495486399209,
      0.00026331003443288276,
      -0.00021505565955856572,
      0.00017681235987127597,
      -0.00014284066495966237,
      0.00011580269955224348,
      -9.228319080220368e-05,
      7.355059019940375e-05,
      -5.759446099129184e-05,
      4.492891573786251e-05,
      -3.4376967977308305e-05,
      2.6070461626488828e-05,
      -1.931913922523301e-05,
      1.4081350487982246e-05,
      -9.948087597330123e-06,
      6.8154546857845355e-06,
      -4.436634209165292e-06,
      2.7002727496354318e-06,
      -1.454083340695811e-06
    ],
    "normalization_factor": 6.6978025544445545
  },
  "48000": {
    "iir": {
      "num": [
        0.002358538548102756,
        -4.9968751755922974e-05,
        -0.001811543224914582,
        -0.0004595580192945925,
        -2.9933417751626605e-05
      ],
      "den": [
        1.0,
        -3.438305448458002,
        4.430266312913971,
        -2.5352407519293365,
        0.5436265036551263
      ]
    },
    "fir": [
      -1.1842226692390238e-06,
      2.2010469198637528e-06,
      -3.612198425248939e-06,
      5.554616608228028e-06,
      -8.097006177838444e-06,
      1.1474741752594726e-05,
      -1.571951172735756e-05,
      2.1242084483040915e-05,
      -2.7963878670734716e-05,
      3.6605878220201496e-05,
      -4.684078116073084e-05,
      5.9929842986484655e-05,
      -7.505060268299877e-05,
      9.43871628341616e-05,
      -0.00011620172167712235,
      0.00014422208555952044,
      -0.00017510151713849713,
      0.00021509616100595096,
      -0.000258133145098994,
      0.0003145246171732073,
      -0.0003737035620076113,
      0.0004523574154106793,
      -0.0005326569630438526,
      0.0006411060811956918,
      -0.0007482921633412818,
      0.0008955051103761416,
      -0.0010349593669323452,
      0.0012296497726773888,
      -0.0014025593820188081,
      0.0016474713053918166,
      -0.0018402327142406222,
      0.002116030876310647,
      -0.002272725424103408,
      0.0024958211139183956,
      -0.0024489216739304776,
      0.0023644270320010434,
      -0.0016617846703180024,
      0.0005728749481708068,
      0.00195994525949504,
      -0.005891791238705782,
      0.01330572310170981,
      -0.024984001126694164,
      0.04555194503037821,
      -0.07904903520352848,
      0.1385252655578806,
      -0.24580397683664335,
      0.4723932640510196,
      -1.0603015256864117,
      2.487329306220334,
      -1.0603015256864115,
      0.47239326405101956,
      -0.24580397683664332,
      0.13852526555788056,
      -0.07904903520352848,
      0.045551945030378196,
      -0.024984001126694154,
      0.013305723101709807,
      -0.005891791238705769,
      0.0019599452594950394,
      0.0005728749481708018,
      -0.0016617846703180007,
      0.0023644270320010386,
      -0.0024489216739304806,
      0.0024958211139183978,
      -0.0022727254241034075,
      0.002116030876310646,
      -0.0018402327142406248,
      0.0016474713053918166,
      -0.0014025593820188075,
      0.0012296497726773878,
      -0.0010349593669323448,
      0.0008955051103761469,
      -0.0007482921633412817,
      0.0006411060811956953,
      -0.0005326569630438526,
      0.00045235741541067593,
      -0.00037370356200761164,
      0.0003145246171732053,
      -0.0002581331450989944,
      0.0002150961610059543,
      -0.00017510151713849713,
      0.0001442220855595223,
      -0.00011620172167712226,
      9.438716283415979e-05,
      -7.505060268299888e-05,
      5.992984298648358e-05,
      -4.684078116073084e-05,
      3.6605878220201815e-05,
      -2.7963878670734706e-05,
      2.1242084483041315e-05,
      -1.5719511727357567e-05,
      1.1474741752594633e-05,
      -8.09700617783842e-06,
      5.554616608227952e-06,
      -3.612198425248946e-06,
      2.201046919863768e-06,
      -1.1842226692390234e-06
    ],
    "normalization_factor": 6.987685363255142
  }
}